INSERT INTO RESULT_VIEWS (ID, NAME, TEMPLATE) VALUES (1, 'Simple', '<span>Hello, World!</span>');


INSERT INTO DIRECTORY_VIEWS (ID, NAME, COLLECTION, LAYOUT, FIELD, TYPE, RESULT_VIEW_ID) VALUES (1, 'People', 'persons', 'LIST', 'name', 'STARTING_WITH', 1);
INSERT INTO DIRECTORY_VIEWS (ID, NAME, COLLECTION, LAYOUT, FIELD, TYPE, RESULT_VIEW_ID) VALUES (2, 'Organizations', 'organizations', 'LIST', 'name', 'STARTING_WITH', 1);
INSERT INTO DIRECTORY_VIEWS (ID, NAME, COLLECTION, LAYOUT, FIELD, TYPE, RESULT_VIEW_ID) VALUES (3, 'Research', 'documents', 'LIST', 'title', 'STARTING_WITH', 1);


INSERT INTO DISCOVERY_VIEWS (ID, NAME, COLLECTION, LAYOUT, RESULT_VIEW_ID) VALUES (1, 'People', 'persons', 'GRID', 1);
INSERT INTO DISCOVERY_VIEWS (ID, NAME, COLLECTION, LAYOUT, RESULT_VIEW_ID) VALUES (2, 'Publications', 'documents', 'LIST', 1);
INSERT INTO DISCOVERY_VIEWS (ID, NAME, COLLECTION, LAYOUT, RESULT_VIEW_ID) VALUES (3, 'Grants', 'relationships', 'LIST', 1);
INSERT INTO DISCOVERY_VIEWS (ID, NAME, COLLECTION, LAYOUT, RESULT_VIEW_ID) VALUES (4, 'Awards', 'relationships', 'LIST', 1);
INSERT INTO DISCOVERY_VIEWS (ID, NAME, COLLECTION, LAYOUT, RESULT_VIEW_ID) VALUES (5, 'Courses', 'processes', 'LIST', 1);
INSERT INTO DISCOVERY_VIEWS (ID, NAME, COLLECTION, LAYOUT, RESULT_VIEW_ID) VALUES (6, 'Concepts', 'concepts', 'LIST', 1);


INSERT INTO DIRECTORY_VIEW_FACETS (DIRECTORY_VIEW_ID, NAME, FIELD, DEFAULT_LIMIT, DEFAULT_SORT) VALUES (1, 'Type', 'type', 10, 'COUNT');
INSERT INTO DIRECTORY_VIEW_FACETS (DIRECTORY_VIEW_ID, NAME, FIELD, DEFAULT_LIMIT, DEFAULT_SORT) VALUES (2, 'Type', 'type', 10, 'COUNT');
INSERT INTO DIRECTORY_VIEW_FACETS (DIRECTORY_VIEW_ID, NAME, FIELD, DEFAULT_LIMIT, DEFAULT_SORT) VALUES (3, 'Type', 'type', 10, 'COUNT');


INSERT INTO DISCOVERY_VIEW_FILTERS (DISCOVERY_VIEW_ID, FIELD, VALUE) VALUES (3, 'type', 'Grant');
INSERT INTO DISCOVERY_VIEW_FILTERS (DISCOVERY_VIEW_ID, FIELD, VALUE) VALUES (4, 'type', 'AwardReceipt');
INSERT INTO DISCOVERY_VIEW_FILTERS (DISCOVERY_VIEW_ID, FIELD, VALUE) VALUES (5, 'type', 'Course');


INSERT INTO DISCOVERY_VIEW_FACETS (DISCOVERY_VIEW_ID, NAME, FIELD, DEFAULT_LIMIT, DEFAULT_SORT) VALUES (1, 'People', 'type', 10, 'COUNT');
INSERT INTO DISCOVERY_VIEW_FACETS (DISCOVERY_VIEW_ID, NAME, FIELD, DEFAULT_LIMIT, DEFAULT_SORT) VALUES (1, 'Organization', 'positionOrganization', 10, 'COUNT');
INSERT INTO DISCOVERY_VIEW_FACETS (DISCOVERY_VIEW_ID, NAME, FIELD, DEFAULT_LIMIT, DEFAULT_SORT) VALUES (1, 'Research Area', 'researchArea', 10, 'COUNT');
INSERT INTO DISCOVERY_VIEW_FACETS (DISCOVERY_VIEW_ID, NAME, FIELD, DEFAULT_LIMIT, DEFAULT_SORT) VALUES (2, 'Publications', 'type', 10, 'COUNT');
INSERT INTO DISCOVERY_VIEW_FACETS (DISCOVERY_VIEW_ID, NAME, FIELD, DEFAULT_LIMIT, DEFAULT_SORT) VALUES (2, 'Date Published', 'publicationDate', 10, 'COUNT');
INSERT INTO DISCOVERY_VIEW_FACETS (DISCOVERY_VIEW_ID, NAME, FIELD, DEFAULT_LIMIT, DEFAULT_SORT) VALUES (3, 'Date Start', 'dateTimeIntervalStart', 10, 'COUNT');
INSERT INTO DISCOVERY_VIEW_FACETS (DISCOVERY_VIEW_ID, NAME, FIELD, DEFAULT_LIMIT, DEFAULT_SORT) VALUES (3, 'Date End', 'dateTimeIntervalEnd', 10, 'COUNT');
INSERT INTO DISCOVERY_VIEW_FACETS (DISCOVERY_VIEW_ID, NAME, FIELD, DEFAULT_LIMIT, DEFAULT_SORT) VALUES (4, 'Award Or Honor For', 'awardOrHonorFor', 10, 'COUNT');
INSERT INTO DISCOVERY_VIEW_FACETS (DISCOVERY_VIEW_ID, NAME, FIELD, DEFAULT_LIMIT, DEFAULT_SORT) VALUES (4, 'Award Conferred By', 'awardConferredBy', 10, 'COUNT');
INSERT INTO DISCOVERY_VIEW_FACETS (DISCOVERY_VIEW_ID, NAME, FIELD, DEFAULT_LIMIT, DEFAULT_SORT) VALUES (5, 'Offered By', 'offeredBy', 10, 'COUNT');
INSERT INTO DISCOVERY_VIEW_FACETS (DISCOVERY_VIEW_ID, NAME, FIELD, DEFAULT_LIMIT, DEFAULT_SORT) VALUES (5, 'Date Start', 'dateTimeIntervalStart', 10, 'COUNT');
INSERT INTO DISCOVERY_VIEW_FACETS (DISCOVERY_VIEW_ID, NAME, FIELD, DEFAULT_LIMIT, DEFAULT_SORT) VALUES (5, 'Date End', 'dateTimeIntervalEnd', 10, 'COUNT');
